|duration|orig_bytes|resp_bytes|local_orig|local_resp|missed_bytes|orig_pkts|orig_ip_bytes|resp_pkts|resp_ip_bytes|tunnel_parents|label|multi-label|proto_icmp|proto_tcp|proto_udp|service_-|service_dhcp|service_dns|service_http|service_irc|service_ssh|service_ssl|conn_state_OTH|conn_state_REJ|conn_state_RSTO|conn_state_RSTOS0|conn_state_RSTR|conn_state_RSTRH|conn_state_S0|conn_state_S1|conn_state_S2|conn_state_S3|conn_state_SF|conn_state_SH|conn_state_SHR
0|0.114184|48|48|-|-|0.0|1.0|76.0|1.0|76.0|0|0|Benign|0|0|1|0|0|0|0|0|0|0|0|0|0|0|0|0|0|0|0|0|1|0|0
1|160.367579|7536|0|-|-|0.0|24.0|8208.0|0.0|0.0|0|0|Benign|0|0|1|0|0|0|0|0|0|0|0|0|0|0|0|0|1|0|0|0|0|0|0
2|0.016986|48|48|-|-|0.0|1.0|76.0|1.0|76.0|0|0|Benign|0|0|1|0|0|0|0|0|0|0|0|0|0|0|0|0|0|0|0|0|1|0|0
3|0.003497|0|0|-|-|0.0|5.0|212.0|3.0|144.0|0|0|Benign|0|1|0|0|0|0|0|0|0|0|0|0|0|0|0|0|0|0|0|0|1|0|0
4|0.036724|34|311|-|-|0.0|1.0|62.0|1.0|339.0|0|0|Benign|0|0|1|0|0|1|0|0|0|0|0|0|0|0|0|0|0|0|0|0|1|0|0
5|384.518261|15072|0|-|-|0.0|48.0|16416.0|0.0|0.0|0|0|Benign|0|0|1|0|0|0|0|0|0|0|0|0|0|0|0|0|1|0|0|0|0|0|0
6|0.270332|48|48|-|-|0.0|1.0|76.0|1.0|76.0|0|0|Benign|0|0|1|0|0|0|0|0|0|0|0|0|0|0|0|0|0|0|0|0|1|0|0
7|0.111429|48|48|-|-|0.0|1.0|76.0|1.0|76.0|0|0|Benign|0|0|1|0|0|0|0|0|0|0|0|0|0|0|0|0|0|0|0|0|1|0|0
8|0.114433|48|48|-|-|0.0|1.0|76.0|1.0|76.0|0|0|Benign|0|0|1|0|0|0|0|0|0|0|0|0|0|0|0|0|0|0|0|0|1|0|0
9|0.016984|48|48|-|-|0.0|1.0|76.0|1.0|76.0|0|0|Benign|0|0|1|0|0|0|0|0|0|0|0|0|0|0|0|0|0|0|0|0|1|0|0
10|0.003497|0|0|-|-|0.0|4.0|172.0|2.0|92.0|0|0|Benign|0|1|0|0|0|0|0|0|0|0|0|0|0|0|0|0|0|0|0|0|1|0|0
11|0.040227|34|311|-|-|0.0|1.0|62.0|1.0|339.0|0|0|Benign|0|0|1|0|0|1|0|0|0|0|0|0|0|0|0|0|0|0|0|0|1|0|0
12|0.270346|48|48|-|-|0.0|1.0|76.0|1.0|76.0|0|0|Benign|0|0|1|0|0|0|0|0|0|0|0|0|0|0|0|0|0|0|0|0|1|0|0
13|0.109684|48|48|-|-|0.0|1.0|76.0|1.0|76.0|0|0|Benign|0|0|1|0|0|0|0|0|0|0|0|0|0|0|0|0|0|0|0|0|1|0|0
14|0.114426|48|48|-|-|0.0|1.0|76.0|1.0|76.0|0|0|Benign|0|0|1|0|0|0|0|0|0|0|0|0|0|0|0|0|0|0|0|0|1|0|0
15|0.016980|48|48|-|-|0.0|1.0|76.0|1.0|76.0|0|0|Benign|0|0|1|0|0|0|0|0|0|0|0|0|0|0|0|0|0|0|0|0|1|0|0
16|1633.044330|60288|0|-|-|0.0|192.0|65664.0|0.0|0.0|0|0|Benign|0|0|1|0|0|0|0|0|0|0|0|0|0|0|0|0|1|0|0|0|0|0|0
17|0.003498|0|0|-|-|0.0|4.0|172.0|2.0|92.0|0|0|Benign|0|1|0|0|0|0|0|0|0|0|0|0|0|0|0|0|0|0|0|0|1|0|0
18|0.183145|34|311|-|-|0.0|1.0|62.0|1.0|339.0|0|0|Benign|0|0|1|0|0|1|0|0|0|0|0|0|0|0|0|0|0|0|0|0|1|0|0
19|0.272344|48|48|-|-|0.0|1.0|76.0|1.0|76.0|0|0|Benign|0|0|1|0|0|0|0|0|0|0|0|0|0|0|0|0|0|0|0|0|1|0|0
20|0.109436|48|48|-|-|0.0|1.0|76.0|1.0|76.0|0|0|Benign|0|0|1|0|0|0|0|0|0|0|0|0|0|0|0|0|0|0|0|0|1|0|0
21|766.048560|28260|0|-|-|0.0|90.0|30780.0|0.0|0.0|0|0|Benign|0|0|1|0|0|0|0|0|0|0|0|0|0|0|0|0|1|0|0|0|0|0|0
22|50.851218|3768|0|-|-|0.0|12.0|4104.0|0.0|0.0|0|0|Benign|0|0|1|0|0|0|0|0|0|0|0|0|0|0|0|0|1|0|0|0|0|0|0
23|0.088446|1847|1539|-|-|0.0|7.0|2139.0|7.0|1823.0|0|0|Benign|0|1|0|0|0|0|1|0|0|0|0|0|0|0|0|0|0|0|0|0|1|0|0
24|0.109187|1847|791|-|-|0.0|6.0|2099.0|6.0|1035.0|0|0|Benign|0|1|0|0|0|0|1|0|0|0|0|0|0|0|0|0|0|0|0|0|1|0|0
25|0.050455|37|179|-|-|0.0|1.0|65.0|1.0|207.0|0|0|Benign|0|0|1|0|0|1|0|0|0|0|0|0|0|0|0|0|0|0|0|0|1|0|0
26|0.003998|37|442|-|-|0.0|1.0|65.0|1.0|470.0|0|0|Benign|0|0|1|0|0|1|0|0|0|0|0|0|0|0|0|0|0|0|0|0|1|0|0
27|0.000499|37|100|-|-|0.0|1.0|65.0|1.0|128.0|0|0|Benign|0|0|1|0|0|1|0|0|0|0|0|0|0|0|0|0|0|0|0|0|1|0|0
28|0.000500|37|132|-|-|0.0|1.0|65.0|1.0|160.0|0|0|Benign|0|0|1|0|0|1|0|0|0|0|0|0|0|0|0|0|0|0|0|0|1|0|0
29|0.003499|0|0|-|-|0.0|4.0|172.0|3.0|132.0|0|0|Benign|0|1|0|0|0|0|0|0|0|0|0|0|0|0|0|0|0|0|0|0|1|0|0
30|0.046210|34|297|-|-|0.0|1.0|62.0|1.0|325.0|0|0|Benign|0|0|1|0|0|1|0|0|0|0|0|0|0|0|0|0|0|0|0|0|1|0|0
31|0.114417|48|48|-|-|0.0|1.0|76.0|1.0|76.0|0|0|Benign|0|0|1|0|0|0|0|0|0|0|0|0|0|0|0|0|0|0|0|0|1|0|0
32|0.017238|48|48|-|-|0.0|1.0|76.0|1.0|76.0|0|0|Benign|0|0|1|0|0|0|0|0|0|0|0|0|0|0|0|0|0|0|0|0|1|0|0
33|50.868027|3768|0|-|-|0.0|12.0|4104.0|0.0|0.0|0|0|Benign|0|0|1|0|0|0|0|0|0|0|0|0|0|0|0|0|1|0|0|0|0|0|0
34|0.269349|48|48|-|-|0.0|1.0|76.0|1.0|76.0|0|0|Benign|0|0|1|0|0|0|0|0|0|0|0|0|0|0|0|0|0|0|0|0|1|0|0
35|0.003495|0|0|-|-|0.0|5.0|212.0|3.0|144.0|0|0|Benign|0|1|0|0|0|0|0|0|0|0|0|0|0|0|0|0|0|0|0|0|1|0|0
36|0.036214|34|311|-|-|0.0|1.0|62.0|1.0|339.0|0|0|Benign|0|0|1|0|0|1|0|0|0|0|0|0|0|0|0|0|0|0|0|0|1|0|0
37|1480.810378|52752|0|-|-|0.0|168.0|57456.0|0.0|0.0|0|0|Benign|0|0|1|0|0|0|0|0|0|0|0|0|0|0|0|0|1|0|0|0|0|0|0
38|0.003496|0|0|-|-|0.0|4.0|172.0|2.0|92.0|0|0|Benign|0|1|0|0|0|0|0|0|0|0|0|0|0|0|0|0|0|0|0|0|1|0|0
39|0.200137|34|297|-|-|0.0|1.0|62.0|1.0|325.0|0|0|Benign|0|0|1|0|0|1|0|0|0|0|0|0|0|0|0|0|0|0|0|0|1|0|0
40|0.109694|48|48|-|-|0.0|1.0|76.0|1.0|76.0|0|0|Benign|0|0|1|0|0|0|0|0|0|0|0|0|0|0|0|0|0|0|0|0|1|0|0
41|0.116179|48|48|-|-|0.0|1.0|76.0|1.0|76.0|0|0|Benign|0|0|1|0|0|0|0|0|0|0|0|0|0|0|0|0|0|0|0|0|1|0|0
42|0.016732|48|48|-|-|0.0|1.0|76.0|1.0|76.0|0|0|Benign|0|0|1|0|0|0|0|0|0|0|0|0|0|0|0|0|0|0|0|0|1|0|0
43|3.000292|0|0|-|-|0.0|6.0|276.0|2.0|92.0|0|0|Benign|0|1|0|0|0|0|0|0|0|0|0|0|0|0|0|0|0|0|0|0|1|0|0
44|0.119679|34|297|-|-|0.0|1.0|62.0|1.0|325.0|0|0|Benign|0|0|1|0|0|1|0|0|0|0|0|0|0|0|0|0|0|0|0|0|1|0|0
45|1032.879228|37680|0|-|-|0.0|120.0|41040.0|0.0|0.0|0|0|Benign|0|0|1|0|0|0|0|0|0|0|0|0|0|0|0|0|1|0|0|0|0|0|0
46|50.830580|3768|0|-|-|0.0|12.0|4104.0|0.0|0.0|0|0|Benign|0|0|1|0|0|0|0|0|0|0|0|0|0|0|0|0|1|0|0|0|0|0|0
47|0.270102|48|48|-|-|0.0|1.0|76.0|1.0|76.0|0|0|Benign|0|0|1|0|0|0|0|0|0|0|0|0|0|0|0|0|0|0|0|0|1|0|0
48|322.370929|13188|0|-|-|0.0|42.0|14364.0|0.0|0.0|0|0|Benign|0|0|1|0|0|0|0|0|0|0|0|0|0|0|0|0|1|0|0|0|0|0|0
49|0.089448|1847|1539|-|-|0.0|7.0|2151.0|7.0|1831.0|0|0|Benign|0|1|0|0|0|0|1|0|0|0|0|0|0|0|0|0|0|0|0|0|1|0|0
50|0.114934|1847|791|-|-|0.0|6.0|2099.0|6.0|1035.0|0|0|Benign|0|1|0|0|0|0|1|0|0|0|0|0|0|0|0|0|0|0|0|0|1|0|0
51|0.180398|37|179|-|-|0.0|1.0|65.0|1.0|207.0|0|0|Benign|0|0|1|0|0|1|0|0|0|0|0|0|0|0|0|0|0|0|0|0|1|0|0
52|0.003752|37|442|-|-|0.0|1.0|65.0|1.0|470.0|0|0|Benign|0|0|1|0|0|1|0|0|0|0|0|0|0|0|0|0|0|0|0|0|1|0|0
53|0.000750|37|132|-|-|0.0|1.0|65.0|1.0|160.0|0|0|Benign|0|0|1|0|0|1|0|0|0|0|0|0|0|0|0|0|0|0|0|0|1|0|0
54|0.061961|34|311|-|-|0.0|1.0|62.0|1.0|339.0|0|0|Benign|0|0|1|0|0|1|0|0|0|0|0|0|0|0|0|0|0|0|0|0|1|0|0
55|0.109678|48|48|-|-|0.0|1.0|76.0|1.0|76.0|0|0|Benign|0|0|1|0|0|0|0|0|0|0|0|0|0|0|0|0|0|0|0|0|1|0|0
56|0.016723|48|48|-|-|0.0|1.0|76.0|1.0|76.0|0|0|Benign|0|0|1|0|0|0|0|0|0|0|0|0|0|0|0|0|0|0|0|0|1|0|0
57|0.003248|0|0|-|-|0.0|4.0|172.0|2.0|92.0|0|0|Benign|0|1|0|0|0|0|0|0|0|0|0|0|0|0|0|0|0|0|0|0|1|0|0
58|0.042224|34|297|-|-|0.0|1.0|62.0|1.0|325.0|0|0|Benign|0|0|1|0|0|1|0|0|0|0|0|0|0|0|0|0|0|0|0|0|1|0|0
59|1643.646987|58404|0|-|-|0.0|186.0|63612.0|0.0|0.0|0|0|Benign|0|0|1|0|0|0|0|0|0|0|0|0|0|0|0|0|1|0|0|0|0|0|0
60|0.269861|48|48|-|-|0.0|1.0|76.0|1.0|76.0|0|0|Benign|0|0|1|0|0|0|0|0|0|0|0|0|0|0|0|0|0|0|0|0|1|0|0
61|109.999279|5652|0|-|-|0.0|18.0|6156.0|0.0|0.0|0|0|Benign|0|0|1|0|0|0|0|0|0|0|0|0|0|0|0|0|1|0|0|0|0|0|0
62|0.034980|34|297|-|-|0.0|1.0|62.0|1.0|325.0|0|0|Benign|0|0|1|0|0|1|0|0|0|0|0|0|0|0|0|0|0|0|0|0|1|0|0
63|0.109194|48|48|-|-|0.0|1.0|76.0|1.0|76.0|0|0|Benign|0|0|1|0|0|0|0|0|0|0|0|0|0|0|0|0|0|0|0|0|1|0|0
64|0.107433|34|297|-|-|0.0|1.0|62.0|1.0|325.0|0|0|Benign|0|0|1|0|0|1|0|0|0|0|0|0|0|0|0|0|0|0|0|0|1|0|0
65|0.016983|48|48|-|-|0.0|1.0|76.0|1.0|76.0|0|0|Benign|0|0|1|0|0|0|0|0|0|0|0|0|0|0|0|0|0|0|0|0|1|0|0
66|0.114429|48|48|-|-|0.0|1.0|76.0|1.0|76.0|0|0|Benign|0|0|1|0|0|0|0|0|0|0|0|0|0|0|0|0|0|0|0|0|1|0|0
67|0.269841|48|48|-|-|0.0|1.0|76.0|1.0|76.0|0|0|Benign|0|0|1|0|0|0|0|0|0|0|0|0|0|0|0|0|0|0|0|0|1|0|0
68|0.093946|1847|1539|-|-|0.0|7.0|2151.0|7.0|1831.0|0|0|Benign|0|1|0|0|0|0|1|0|0|0|0|0|0|0|0|0|0|0|0|0|1|0|0
69|0.126426|1847|791|-|-|0.0|6.0|2099.0|6.0|1035.0|0|0|Benign|0|1|0|0|0|0|1|0|0|0|0|0|0|0|0|0|0|0|0|0|1|0|0
70|0.039463|37|179|-|-|0.0|1.0|65.0|1.0|207.0|0|0|Benign|0|0|1|0|0|1|0|0|0|0|0|0|0|0|0|0|0|0|0|0|1|0|0
71|0.004250|37|442|-|-|0.0|1.0|65.0|1.0|470.0|0|0|Benign|0|0|1|0|0|1|0|0|0|0|0|0|0|0|0|0|0|0|0|0|1|0|0
72|0.003250|0|0|-|-|0.0|4.0|172.0|3.0|132.0|0|0|Benign|0|1|0|0|0|0|0|0|0|0|0|0|0|0|0|0|0|0|0|0|1|0|0
73|0.046721|34|297|-|-|0.0|1.0|62.0|1.0|325.0|0|0|Benign|0|0|1|0|0|1|0|0|0|0|0|0|0|0|0|0|0|0|0|0|1|0|0
74|0.003745|0|0|-|-|0.0|4.0|172.0|3.0|132.0|0|0|Benign|0|1|0|0|0|0|0|0|0|0|0|0|0|0|0|0|0|0|0|0|1|0|0
75|0.051225|34|297|-|-|0.0|1.0|62.0|1.0|325.0|0|0|Benign|0|0|1|0|0|1|0|0|0|0|0|0|0|0|0|0|0|0|0|0|1|0|0
76|0.109680|48|48|-|-|0.0|1.0|76.0|1.0|76.0|0|0|Benign|0|0|1|0|0|0|0|0|0|0|0|0|0|0|0|0|0|0|0|0|1|0|0
77|0.016990|48|48|-|-|0.0|1.0|76.0|1.0|76.0|0|0|Benign|0|0|1|0|0|0|0|0|0|0|0|0|0|0|0|0|0|0|0|0|1|0|0
78|0.114424|48|48|-|-|0.0|1.0|76.0|1.0|76.0|0|0|Benign|0|0|1|0|0|0|0|0|0|0|0|0|0|0|0|0|0|0|0|0|1|0|0
79|0.003247|0|0|-|-|0.0|5.0|212.0|3.0|144.0|0|0|Benign|0|1|0|0|0|0|0|0|0|0|0|0|0|0|0|0|0|0|0|0|1|0|0
80|0.040470|34|297|-|-|0.0|1.0|62.0|1.0|325.0|0|0|Benign|0|0|1|0|0|1|0|0|0|0|0|0|0|0|0|0|0|0|0|0|1|0|0
81|0.272601|48|48|-|-|0.0|1.0|76.0|1.0|76.0|0|0|Benign|0|0|1|0|0|0|0|0|0|0|0|0|0|0|0|0|0|0|0|0|1|0|0
82|0.003501|0|0|-|-|0.0|4.0|172.0|3.0|132.0|0|0|Benign|0|1|0|0|0|0|0|0|0|0|0|0|0|0|0|0|0|0|0|0|1|0|0
83|0.196634|34|297|-|-|0.0|1.0|62.0|1.0|325.0|0|0|Benign|0|0|1|0|0|1|0|0|0|0|0|0|0|0|0|0|0|0|0|0|1|0|0
84|0.109685|48|48|-|-|0.0|1.0|76.0|1.0|76.0|0|0|Benign|0|0|1|0|0|0|0|0|0|0|0|0|0|0|0|0|0|0|0|0|1|0|0
85|0.016989|48|48|-|-|0.0|1.0|76.0|1.0|76.0|0|0|Benign|0|0|1|0|0|0|0|0|0|0|0|0|0|0|0|0|0|0|0|0|1|0|0
86|0.114182|48|48|-|-|0.0|1.0|76.0|1.0|76.0|0|0|Benign|0|0|1|0|0|0|0|0|0|0|0|0|0|0|0|0|0|0|0|0|1|0|0
87|0.094447|1847|1539|-|-|0.0|7.0|2139.0|7.0|1823.0|0|0|Benign|0|1|0|0|0|0|1|0|0|0|0|0|0|0|0|0|0|0|0|0|1|0|0
88|0.113685|1847|791|-|-|0.0|6.0|2099.0|6.0|1043.0|0|0|Benign|0|1|0|0|0|0|1|0|0|0|0|0|0|0|0|0|0|0|0|0|1|0|0
89|0.210379|1595|177|-|-|0.0|8.0|1927.0|7.0|469.0|0|0|Benign|0|1|0|0|0|0|1|0|0|0|0|0|0|0|0|0|0|0|0|0|1|0|0
90|0.200631|37|179|-|-|0.0|1.0|65.0|1.0|207.0|0|0|Benign|0|0|1|0|0|1|0|0|0|0|0|0|0|0|0|0|0|0|0|0|1|0|0
91|0.004000|37|442|-|-|0.0|1.0|65.0|1.0|470.0|0|0|Benign|0|0|1|0|0|1|0|0|0|0|0|0|0|0|0|0|0|0|0|0|1|0|0
92|0.000500|37|100|-|-|0.0|1.0|65.0|1.0|128.0|0|0|Benign|0|0|1|0|0|1|0|0|0|0|0|0|0|0|0|0|0|0|0|0|1|0|0
93|0.197378|41|124|-|-|0.0|1.0|69.0|1.0|152.0|0|0|Benign|0|0|1|0|0|1|0|0|0|0|0|0|0|0|0|0|0|0|0|0|1|0|0
94|0.039479|34|297|-|-|0.0|1.0|62.0|1.0|325.0|0|0|Benign|0|0|1|0|0|1|0|0|0|0|0|0|0|0|0|0|0|0|0|0|1|0|0
95|0.272087|48|48|-|-|0.0|1.0|76.0|1.0|76.0|0|0|Benign|0|0|1|0|0|0|0|0|0|0|0|0|0|0|0|0|0|0|0|0|1|0|0
96|0.038729|34|297|-|-|0.0|1.0|62.0|1.0|325.0|0|0|Benign|0|0|1|0|0|1|0|0|0|0|0|0|0|0|0|0|0|0|0|0|1|0|0
97|0.109672|48|48|-|-|0.0|1.0|76.0|1.0|76.0|0|0|Benign|0|0|1|0|0|0|0|0|0|0|0|0|0|0|0|0|0|0|0|0|1|0|0
98|0.003496|0|0|-|-|0.0|5.0|212.0|3.0|144.0|0|0|Benign|0|1|0|0|0|0|0|0|0|0|0|0|0|0|0|0|0|0|0|0|1|0|0
99|0.104447|34|297|-|-|0.0|1.0|62.0|1.0|325.0|0|0|Benign|0|0|1|0|0|1|0|0|0|0|0|0|0|0|0|0|0|0|0|0|1|0|0
100|0.116177|48|48|-|-|0.0|1.0|76.0|1.0|76.0|0|0|Benign|0|0|1|0|0|0|0|0|0|0|0|0|0|0|0|0|0|0|0|0|1|0|0
101|0.270104|48|48|-|-|0.0|1.0|76.0|1.0|76.0|0|0|Benign|0|0|1|0|0|0|0|0|0|0|0|0|0|0|0|0|0|0|0|0|1|0|0
102|0.003248|0|0|-|-|0.0|5.0|212.0|3.0|144.0|0|0|Benign|0|1|0|0|0|0|0|0|0|0|0|0|0|0|0|0|0|0|0|0|1|0|0
103|0.107436|34|311|-|-|0.0|1.0|62.0|1.0|339.0|0|0|Benign|0|0|1|0|0|1|0|0|0|0|0|0|0|0|0|0|0|0|0|0|1|0|0
104|0.089197|1847|1539|-|-|0.0|7.0|2151.0|7.0|1831.0|0|0|Benign|0|1|0|0|0|0|1|0|0|0|0|0|0|0|0|0|0|0|0|0|1|0|0
105|0.109936|1847|791|-|-|0.0|6.0|2099.0|6.0|1043.0|0|0|Benign|0|1|0|0|0|0|1|0|0|0|0|0|0|0|0|0|0|0|0|0|1|0|0
106|0.055701|37|179|-|-|0.0|1.0|65.0|1.0|207.0|0|0|Benign|0|0|1|0|0|1|0|0|0|0|0|0|0|0|0|0|0|0|0|0|1|0|0
107|0.004751|37|442|-|-|0.0|1.0|65.0|1.0|470.0|0|0|Benign|0|0|1|0|0|1|0|0|0|0|0|0|0|0|0|0|0|0|0|0|1|0|0
108|0.000498|37|100|-|-|0.0|1.0|65.0|1.0|128.0|0|0|Benign|0|0|1|0|0|1|0|0|0|0|0|0|0|0|0|0|0|0|0|0|1|0|0
109|0.121426|34|297|-|-|0.0|1.0|62.0|1.0|325.0|0|0|Benign|0|0|1|0|0|1|0|0|0|0|0|0|0|0|0|0|0|0|0|0|1|0|0
110|0.109928|48|48|-|-|0.0|1.0|76.0|1.0|76.0|0|0|Benign|0|0|1|0|0|0|0|0|0|0|0|0|0|0|0|0|0|0|0|0|1|0|0
111|0.016972|48|48|-|-|0.0|1.0|76.0|1.0|76.0|0|0|Benign|0|0|1|0|0|0|0|0|0|0|0|0|0|0|0|0|0|0|0|0|1|0|0
112|0.114174|48|48|-|-|0.0|1.0|76.0|1.0|76.0|0|0|Benign|0|0|1|0|0|0|0|0|0|0|0|0|0|0|0|0|0|0|0|0|1|0|0
113|0.004245|0|0|-|-|0.0|4.0|172.0|2.0|92.0|0|0|Benign|0|1|0|0|0|0|0|0|0|0|0|0|0|0|0|0|0|0|0|0|1|0|0
114|0.034488|34|297|-|-|0.0|1.0|62.0|1.0|325.0|0|0|Benign|0|0|1|0|0|1|0|0|0|0|0|0|0|0|0|0|0|0|0|0|1|0|0
115|0.269845|48|48|-|-|0.0|1.0|76.0|1.0|76.0|0|0|Benign|0|0|1|0|0|0|0|0|0|0|0|0|0|0|0|0|0|0|0|0|1|0|0
116|0.120428|34|297|-|-|0.0|1.0|62.0|1.0|325.0|0|0|Benign|0|0|1|0|0|1|0|0|0|0|0|0|0|0|0|0|0|0|0|0|1|0|0
117|0.109433|48|48|-|-|0.0|1.0|76.0|1.0|76.0|0|0|Benign|0|0|1|0|0|0|0|0|0|0|0|0|0|0|0|0|0|0|0|0|1|0|0
118|0.016987|48|48|-|-|0.0|1.0|76.0|1.0|76.0|0|0|Benign|0|0|1|0|0|0|0|0|0|0|0|0|0|0|0|0|0|0|0|0|1|0|0
119|0.201136|34|297|-|-|0.0|1.0|62.0|1.0|325.0|0|0|Benign|0|0|1|0|0|1|0|0|0|0|0|0|0|0|0|0|0|0|0|0|1|0|0
120|0.114680|48|48|-|-|0.0|1.0|76.0|1.0|76.0|0|0|Benign|0|0|1|0|0|0|0|0|0|0|0|0|0|0|0|0|0|0|0|0|1|0|0
121|0.269593|48|48|-|-|0.0|1.0|76.0|1.0|76.0|0|0|Benign|0|0|1|0|0|0|0|0|0|0|0|0|0|0|0|0|0|0|0|0|1|0|0
122|0.088448|1847|1539|-|-|0.0|7.0|2151.0|7.0|1831.0|0|0|Benign|0|1|0|0|0|0|1|0|0|0|0|0|0|0|0|0|0|0|0|0|1|0|0
123|0.117684|1847|791|-|-|0.0|6.0|2099.0|6.0|1035.0|0|0|Benign|0|1|0|0|0|0|1|0|0|0|0|0|0|0|0|0|0|0|0|0|1|0|0
124|0.104681|37|179|-|-|0.0|1.0|65.0|1.0|207.0|0|0|Benign|0|0|1|0|0|1|0|0|0|0|0|0|0|0|0|0|0|0|0|0|1|0|0
125|0.004001|37|442|-|-|0.0|1.0|65.0|1.0|470.0|0|0|Benign|0|0|1|0|0|1|0|0|0|0|0|0|0|0|0|0|0|0|0|0|1|0|0
126|0.107187|34|297|-|-|0.0|1.0|62.0|1.0|325.0|0|0|Benign|0|0|1|0|0|1|0|0|0|0|0|0|0|0|0|0|0|0|0|0|1|0|0
127|0.003499|0|0|-|-|0.0|5.0|212.0|3.0|144.0|0|0|Benign|0|1|0|0|0|0|0|0|0|0|0|0|0|0|0|0|0|0|0|0|1|0|0
128|0.111674|48|48|-|-|0.0|1.0|76.0|1.0|76.0|0|0|Benign|0|0|1|0|0|0|0|0|0|0|0|0|0|0|0|0|0|0|0|0|1|0|0
129|0.036223|34|297|-|-|0.0|1.0|62.0|1.0|325.0|0|0|Benign|0|0|1|0|0|1|0|0|0|0|0|0|0|0|0|0|0|0|0|0|1|0|0
130|0.114192|48|48|-|-|0.0|1.0|76.0|1.0|76.0|0|0|Benign|0|0|1|0|0|0|0|0|0|0|0|0|0|0|0|0|0|0|0|0|1|0|0
131|0.003748|0|0|-|-|0.0|4.0|172.0|2.0|92.0|0|0|Benign|0|1|0|0|0|0|0|0|0|0|0|0|0|0|0|0|0|0|0|0|1|0|0
132|0.106937|34|297|-|-|0.0|1.0|62.0|1.0|325.0|0|0|Benign|0|0|1|0|0|1|0|0|0|0|0|0|0|0|0|0|0|0|0|0|1|0|0
133|0.003747|0|0|-|-|0.0|4.0|172.0|2.0|92.0|0|0|Benign|0|1|0|0|0|0|0|0|0|0|0|0|0|0|0|0|0|0|0|0|1|0|0
134|0.195890|34|297|-|-|0.0|1.0|62.0|1.0|325.0|0|0|Benign|0|0|1|0|0|1|0|0|0|0|0|0|0|0|0|0|0|0|0|0|1|0|0
135|0.089698|1847|1539|-|-|0.0|7.0|2139.0|7.0|1823.0|0|0|Benign|0|1|0|0|0|0|1|0|0|0|0|0|0|0|0|0|0|0|0|0|1|0|0
136|0.110187|1847|791|-|-|0.0|7.0|2151.0|6.0|1043.0|0|0|Benign|0|1|0|0|0|0|1|0|0|0|0|0|0|0|0|0|0|0|0|0|1|0|0
137|0.123928|37|179|-|-|0.0|1.0|65.0|1.0|207.0|0|0|Benign|0|0|1|0|0|1|0|0|0|0|0|0|0|0|0|0|0|0|0|0|1|0|0
138|0.003502|0|0|-|-|0.0|4.0|172.0|3.0|132.0|0|0|Benign|0|1|0|0|0|0|0|0|0|0|0|0|0|0|0|0|0|0|0|0|1|0|0
139|0.202885|34|297|-|-|0.0|1.0|62.0|1.0|325.0|0|0|Benign|0|0|1|0|0|1|0|0|0|0|0|0|0|0|0|0|0|0|0|0|1|0|0
140|0.049207|34|297|-|-|0.0|1.0|62.0|1.0|325.0|0|0|Benign|0|0|1|0|0|1|0|0|0|0|0|0|0|0|0|0|0|0|0|0|1|0|0
141|0.109190|48|48|-|-|0.0|1.0|76.0|1.0|76.0|0|0|Benign|0|0|1|0|0|0|0|0|0|0|0|0|0|0|0|0|0|0|0|0|1|0|0
142|0.017487|48|48|-|-|0.0|1.0|76.0|1.0|76.0|0|0|Benign|0|0|1|0|0|0|0|0|0|0|0|0|0|0|0|0|0|0|0|0|1|0|0
143|0.117194|34|297|-|-|0.0|1.0|62.0|1.0|325.0|0|0|Benign|0|0|1|0|0|1|0|0|0|0|0|0|0|0|0|0|0|0|0|0|1|0|0
144|0.114179|48|48|-|-|0.0|1.0|76.0|1.0|76.0|0|0|Benign|0|0|1|0|0|0|0|0|0|0|0|0|0|0|0|0|0|0|0|0|1|0|0
145|0.269345|48|48|-|-|0.0|1.0|76.0|1.0|76.0|0|0|Benign|0|0|1|0|0|0|0|0|0|0|0|0|0|0|0|0|0|0|0|0|1|0|0
146|0.003246|0|0|-|-|0.0|4.0|172.0|2.0|92.0|0|0|Benign|0|1|0|0|0|0|0|0|0|0|0|0|0|0|0|0|0|0|0|0|1|0|0
147|0.055462|34|297|-|-|0.0|1.0|62.0|1.0|325.0|0|0|Benign|0|0|1|0|0|1|0|0|0|0|0|0|0|0|0|0|0|0|0|0|1|0|0
148|0.093956|1847|1539|-|-|1539.0|7.0|2139.0|5.0|204.0|0|0|Benign|0|1|0|0|0|0|1|0|0|0|0|0|0|0|0|0|0|0|0|0|1|0|0
149|0.071206|37|179|-|-|0.0|1.0|65.0|1.0|207.0|0|0|Benign|0|0|1|0|0|1|0|0|0|0|0|0|0|0|0|0|0|0|0|0|1|0|0
150|0.003751|37|442|-|-|0.0|1.0|65.0|1.0|470.0|0|0|Benign|0|0|1|0|0|1|0|0|0|0|0|0|0|0|0|0|0|0|0|0|1|0|0
151|0.000749|37|132|-|-|0.0|1.0|65.0|1.0|160.0|0|0|Benign|0|0|1|0|0|1|0|0|0|0|0|0|0|0|0|0|0|0|0|0|1|0|0
152|0.130919|34|311|-|-|0.0|1.0|62.0|1.0|339.0|0|0|Benign|0|0|1|0|0|1|0|0|0|0|0|0|0|0|0|0|0|0|0|0|1|0|0
153|0.000994|300|300|-|-|0.0|1.0|328.0|1.0|328.0|0|0|Benign|0|0|1|0|1|0|0|0|0|0|0|0|0|0|0|0|0|0|0|0|1|0|0
154|0.042223|34|311|-|-|0.0|1.0|62.0|1.0|339.0|0|0|Benign|0|0|1|0|0|1|0|0|0|0|0|0|0|0|0|0|0|0|0|0|1|0|0
155|0.055463|34|311|-|-|0.0|1.0|62.0|1.0|339.0|0|0|Benign|0|0|1|0|0|1|0|0|0|0|0|0|0|0|0|0|0|0|0|0|1|0|0
156|0.109427|48|48|-|-|0.0|1.0|76.0|1.0|76.0|0|0|Benign|0|0|1|0|0|0|0|0|0|0|0|0|0|0|0|0|0|0|0|0|1|0|0
157|0.114186|48|48|-|-|0.0|1.0|76.0|1.0|76.0|0|0|Benign|0|0|1|0|0|0|0|0|0|0|0|0|0|0|0|0|0|0|0|0|1|0|0
158|0.105937|34|311|-|-|0.0|1.0|62.0|1.0|339.0|0|0|Benign|0|0|1|0|0|1|0|0|0|0|0|0|0|0|0|0|0|0|0|0|1|0|0
159|0.270089|48|48|-|-|0.0|1.0|76.0|1.0|76.0|0|0|Benign|0|0|1|0|0|0|0|0|0|0|0|0|0|0|0|0|0|0|0|0|1|0|0
160|0.093195|1847|1539|-|-|0.0|7.0|2139.0|7.0|1823.0|0|0|Benign|0|1|0|0|0|0|1|0|0|0|0|0|0|0|0|0|0|0|0|0|1|0|0
161|0.109432|1847|791|-|-|0.0|6.0|2099.0|6.0|1035.0|0|0|Benign|0|1|0|0|0|0|1|0|0|0|0|0|0|0|0|0|0|0|0|0|1|0|0
162|0.205372|37|179|-|-|0.0|1.0|65.0|1.0|207.0|0|0|Benign|0|0|1|0|0|1|0|0|0|0|0|0|0|0|0|0|0|0|0|0|1|0|0
163|0.000501|37|132|-|-|0.0|1.0|65.0|1.0|160.0|0|0|Benign|0|0|1|0|0|1|0|0|0|0|0|0|0|0|0|0|0|0|0|0|1|0|0
164|0.197895|34|297|-|-|0.0|1.0|62.0|1.0|325.0|0|0|Benign|0|0|1|0|0|1|0|0|0|0|0|0|0|0|0|0|0|0|0|0|1|0|0
165|0.058969|34|311|-|-|0.0|1.0|62.0|1.0|339.0|0|0|Benign|0|0|1|0|0|1|0|0|0|0|0|0|0|0|0|0|0|0|0|0|1|0|0
166|0.191390|34|297|-|-|0.0|1.0|62.0|1.0|325.0|0|0|Benign|0|0|1|0|0|1|0|0|0|0|0|0|0|0|0|0|0|0|0|0|1|0|0
167|0.105690|34|297|-|-|0.0|1.0|62.0|1.0|325.0|0|0|Benign|0|0|1|0|0|1|0|0|0|0|0|0|0|0|0|0|0|0|0|0|1|0|0
168|0.109438|48|48|-|-|0.0|1.0|76.0|1.0|76.0|0|0|Benign|0|0|1|0|0|0|0|0|0|0|0|0|0|0|0|0|0|0|0|0|1|0|0
169|0.016967|48|48|-|-|0.0|1.0|76.0|1.0|76.0|0|0|Benign|0|0|1|0|0|0|0|0|0|0|0|0|0|0|0|0|0|0|0|0|1|0|0
170|0.114172|48|48|-|-|0.0|1.0|76.0|1.0|76.0|0|0|Benign|0|0|1|0|0|0|0|0|0|0|0|0|0|0|0|0|0|0|0|0|1|0|0
171|0.088947|1847|1539|-|-|0.0|7.0|2139.0|7.0|1823.0|0|0|Benign|0|1|0|0|0|0|1|0|0|0|0|0|0|0|0|0|0|0|0|0|1|0|0
172|0.105689|1847|791|-|-|0.0|6.0|2099.0|6.0|1035.0|0|0|Benign|0|1|0|0|0|0|1|0|0|0|0|0|0|0|0|0|0|0|0|0|1|0|0
173|0.207130|37|179|-|-|0.0|1.0|65.0|1.0|207.0|0|0|Benign|0|0|1|0|0|1|0|0|0|0|0|0|0|0|0|0|0|0|0|0|1|0|0
174|0.003750|37|442|-|-|0.0|1.0|65.0|1.0|470.0|0|0|Benign|0|0|1|0|0|1|0|0|0|0|0|0|0|0|0|0|0|0|0|0|1|0|0
175|0.003498|0|0|-|-|0.0|4.0|172.0|3.0|132.0|0|0|Benign|0|1|0|0|0|0|0|0|0|0|0|0|0|0|0|0|0|0|0|0|1|0|0
176|0.197633|34|311|-|-|0.0|1.0|62.0|1.0|339.0|0|0|Benign|0|0|1|0|0|1|0|0|0|0|0|0|0|0|0|0|0|0|0|0|1|0|0
177|0.269842|48|48|-|-|0.0|1.0|76.0|1.0|76.0|0|0|Benign|0|0|1|0|0|0|0|0|0|0|0|0|0|0|0|0|0|0|0|0|1|0|0
178|0.011244|0|0|-|-|0.0|4.0|172.0|2.0|92.0|0|0|Benign|0|1|0|0|0|0|0|0|0|0|0|0|0|0|0|0|0|0|0|0|1|0|0
179|0.125422|34|297|-|-|0.0|1.0|62.0|1.0|325.0|0|0|Benign|0|0|1|0|0|1|0|0|0|0|0|0|0|0|0|0|0|0|0|0|1|0|0
180|0.011493|0|0|-|-|0.0|5.0|212.0|3.0|144.0|0|0|Benign|0|1|0|0|0|0|0|0|0|0|0|0|0|0|0|0|0|0|0|0|1|0|0
181|0.047968|34|297|-|-|0.0|1.0|62.0|1.0|325.0|0|0|Benign|0|0|1|0|0|1|0|0|0|0|0|0|0|0|0|0|0|0|0|0|1|0|0
182|0.011492|0|0|-|-|0.0|4.0|172.0|3.0|132.0|0|0|Benign|0|1|0|0|0|0|0|0|0|0|0|0|0|0|0|0|0|0|0|0|1|0|0
183|0.202141|34|297|-|-|0.0|1.0|62.0|1.0|325.0|0|0|Benign|0|0|1|0|0|1|0|0|0|0|0|0|0|0|0|0|0|0|0|0|1|0|0
184|0.109682|48|48|-|-|0.0|1.0|76.0|1.0|76.0|0|0|Benign|0|0|1|0|0|0|0|0|0|0|0|0|0|0|0|0|0|0|0|0|1|0|0
185|0.088698|1847|1539|-|-|0.0|7.0|2151.0|7.0|1831.0|0|0|Benign|0|1|0|0|0|0|1|0|0|0|0|0|0|0|0|0|0|0|0|0|1|0|0
186|0.113184|1847|791|-|-|0.0|6.0|2099.0|6.0|1035.0|0|0|Benign|0|1|0|0|0|0|1|0|0|0|0|0|0|0|0|0|0|0|0|0|1|0|0
187|0.132166|37|179|-|-|0.0|1.0|65.0|1.0|207.0|0|0|Benign|0|0|1|0|0|1|0|0|0|0|0|0|0|0|0|0|0|0|0|0|1|0|0
188|0.007998|37|442|-|-|0.0|1.0|65.0|1.0|470.0|0|0|Benign|0|0|1|0|0|1|0|0|0|0|0|0|0|0|0|0|0|0|0|0|1|0|0
189|0.011745|0|0|-|-|0.0|4.0|172.0|2.0|92.0|0|0|Benign|0|1|0|0|0|0|0|0|0|0|0|0|0|0|0|0|0|0|0|0|1|0|0
190|0.054950|34|297|-|-|0.0|1.0|62.0|1.0|325.0|0|0|Benign|0|0|1|0|0|1|0|0|0|0|0|0|0|0|0|0|0|0|0|0|1|0|0
191|0.116676|48|48|-|-|0.0|1.0|76.0|1.0|76.0|0|0|Benign|0|0|1|0|0|0|0|0|0|0|0|0|0|0|0|0|0|0|0|0|1|0|0
192|0.269354|48|48|-|-|0.0|1.0|76.0|1.0|76.0|0|0|Benign|0|0|1|0|0|0|0|0|0|0|0|0|0|0|0|0|0|0|0|0|1|0|0
193|0.011492|0|0|-|-|0.0|5.0|212.0|3.0|144.0|0|0|Benign|0|1|0|0|0|0|0|0|0|0|0|0|0|0|0|0|0|0|0|0|1|0|0
194|0.051709|34|281|-|-|0.0|1.0|62.0|1.0|309.0|0|0|Benign|0|0|1|0|0|1|0|0|0|0|0|0|0|0|0|0|0|0|0|0|1|0|0
195|0.011510|0|0|-|-|0.0|4.0|172.0|2.0|92.0|0|0|Benign|0|1|0|0|0|0|0|0|0|0|0|0|0|0|0|0|0|0|0|0|1|0|0
196|0.201640|34|297|-|-|0.0|1.0|62.0|1.0|325.0|0|0|Benign|0|0|1|0|0|1|0|0|0|0|0|0|0|0|0|0|0|0|0|0|1|0|0
197|0.011742|0|0|-|-|0.0|5.0|212.0|3.0|144.0|0|0|Benign|0|1|0|0|0|0|0|0|0|0|0|0|0|0|0|0|0|0|0|0|1|0|0
198|0.049719|34|297|-|-|0.0|1.0|62.0|1.0|325.0|0|0|Benign|0|0|1|0|0|1|0|0|0|0|0|0|0|0|0|0|0|0|0|0|1|0|0
199|0.088198|1847|1539|-|-|0.0|7.0|2139.0|7.0|1823.0|0|0|Benign|0|1|0|0|0|0|1|0|0|0|0|0|0|0|0|0|0|0|0|0|1|0|0
200|0.111434|1847|791|-|-|0.0|6.0|2099.0|6.0|1035.0|0|0|Benign|0|1|0|0|0|0|1|0|0|0|0|0|0|0|0|0|0|0|0|0|1|0|0
201|0.224122|1595|177|-|-|0.0|7.0|1887.0|7.0|469.0|0|0|Benign|0|1|0|0|0|0|1|0|0|0|0|0|0|0|0|0|0|0|0|0|1|0|0
202|0.200629|37|179|-|-|0.0|1.0|65.0|1.0|207.0|0|0|Benign|0|0|1|0|0|1|0|0|0|0|0|0|0|0|0|0|0|0|0|0|1|0|0
203|0.007748|37|442|-|-|0.0|1.0|65.0|1.0|470.0|0|0|Benign|0|0|1|0|0|1|0|0|0|0|0|0|0|0|0|0|0|0|0|0|1|0|0
204|0.130914|41|124|-|-|0.0|1.0|69.0|1.0|152.0|0|0|Benign|0|0|1|0|0|1|0|0|0|0|0|0|0|0|0|0|0|0|0|0|1|0|0
205|0.011495|0|0|-|-|0.0|5.0|212.0|3.0|144.0|0|0|Benign|0|1|0|0|0|0|0|0|0|0|0|0|0|0|0|0|0|0|0|0|1|0|0
206|0.048223|34|297|-|-|0.0|1.0|62.0|1.0|325.0|0|0|Benign|0|0|1|0|0|1|0|0|0|0|0|0|0|0|0|0|0|0|0|0|1|0|0
207|0.016739|48|48|-|-|0.0|1.0|76.0|1.0|76.0|0|0|Benign|0|0|1|0|0|0|0|0|0|0|0|0|0|0|0|0|0|0|0|0|1|0|0
208|0.114436|48|48|-|-|0.0|1.0|76.0|1.0|76.0|0|0|Benign|0|0|1|0|0|0|0|0|0|0|0|0|0|0|0|0|0|0|0|0|1|0|0
209|0.011243|0|0|-|-|0.0|5.0|212.0|3.0|144.0|0|0|Benign|0|1|0|0|0|0|0|0|0|0|0|0|0|0|0|0|0|0|0|0|1|0|0
210|0.052213|34|311|-|-|0.0|1.0|62.0|1.0|339.0|0|0|Benign|0|0|1|0|0|1|0|0|0|0|0|0|0|0|0|0|0|0|0|0|1|0|0
211|0.272081|48|48|-|-|0.0|1.0|76.0|1.0|76.0|0|0|Benign|0|0|1|0|0|0|0|0|0|0|0|0|0|0|0|0|0|0|0|0|1|0|0
212|0.046466|34|297|-|-|0.0|1.0|62.0|1.0|325.0|0|0|Benign|0|0|1|0|0|1|0|0|0|0|0|0|0|0|0|0|0|0|0|0|1|0|0
213|0.241862|9995|177|-|-|0.0|12.0|10487.0|12.0|669.0|0|0|Benign|0|1|0|0|0|0|1|0|0|0|0|0|0|0|0|0|0|0|0|0|1|0|0
214|0.000479|41|57|-|-|0.0|1.0|69.0|1.0|85.0|0|0|Benign|0|0|1|0|0|1|0|0|0|0|0|0|0|0|0|0|0|0|0|0|1|0|0
215|0.011743|0|0|-|-|0.0|5.0|212.0|3.0|144.0|0|0|Benign|0|1|0|0|0|0|0|0|0|0|0|0|0|0|0|0|0|0|0|0|1|0|0
216|0.048468|34|311|-|-|0.0|1.0|62.0|1.0|339.0|0|0|Benign|0|0|1|0|0|1|0|0|0|0|0|0|0|0|0|0|0|0|0|0|1|0|0
217|0.093695|1847|1539|-|-|0.0|7.0|2139.0|7.0|1823.0|0|0|Benign|0|1|0|0|0|0|1|0|0|0|0|0|0|0|0|0|0|0|0|0|1|0|0
218|0.112435|1847|791|-|-|0.0|6.0|2099.0|6.0|1043.0|0|0|Benign|0|1|0|0|0|0|1|0|0|0|0|0|0|0|0|0|0|0|0|0|1|0|0
219|0.054699|37|179|-|-|0.0|1.0|65.0|1.0|207.0|0|0|Benign|0|0|1|0|0|1|0|0|0|0|0|0|0|0|0|0|0|0|0|0|1|0|0
220|0.000502|37|132|-|-|0.0|1.0|65.0|1.0|160.0|0|0|Benign|0|0|1|0|0|1|0|0|0|0|0|0|0|0|0|0|0|0|0|0|1|0|0
221|0.011492|0|0|-|-|0.0|4.0|172.0|2.0|92.0|0|0|Benign|0|1|0|0|0|0|0|0|0|0|0|0|0|0|0|0|0|0|0|0|1|0|0
222|0.114935|34|311|-|-|0.0|1.0|62.0|1.0|339.0|0|0|Benign|0|0|1|0|0|1|0|0|0|0|0|0|0|0|0|0|0|0|0|0|1|0|0
223|0.011742|0|0|-|-|0.0|4.0|172.0|2.0|92.0|0|0|Benign|0|1|0|0|0|0|0|0|0|0|0|0|0|0|0|0|0|0|0|0|1|0|0
224|0.145668|34|297|-|-|0.0|1.0|62.0|1.0|325.0|0|0|Benign|0|0|1|0|0|1|0|0|0|0|0|0|0|0|0|0|0|0|0|0|1|0|0
225|0.113933|48|48|-|-|0.0|1.0|76.0|1.0|76.0|0|0|Benign|0|0|1|0|0|0|0|0|0|0|0|0|0|0|0|0|0|0|0|0|1|0|0
226|0.047963|34|311|-|-|0.0|1.0|62.0|1.0|339.0|0|0|Benign|0|0|1|0|0|1|0|0|0|0|0|0|0|0|0|0|0|0|0|0|1|0|0
227|0.012992|0|0|-|-|0.0|4.0|172.0|2.0|92.0|0|0|Benign|0|1|0|0|0|0|0|0|0|0|0|0|0|0|0|0|0|0|0|0|1|0|0
228|0.108678|34|297|-|-|0.0|1.0|62.0|1.0|325.0|0|0|Benign|0|0|1|0|0|1|0|0|0|0|0|0|0|0|0|0|0|0|0|0|1|0|0
229|0.092946|1847|1539|-|-|0.0|7.0|2139.0|7.0|1823.0|0|0|Benign|0|1|0|0|0|0|1|0|0|0|0|0|0|0|0|0|0|0|0|0|1|0|0
230|0.117683|1847|791|-|-|0.0|6.0|2099.0|6.0|1035.0|0|0|Benign|0|1|0|0|0|0|1|0|0|0|0|0|0|0|0|0|0|0|0|0|1|0|0
231|0.115680|37|179|-|-|0.0|1.0|65.0|1.0|207.0|0|0|Benign|0|0|1|0|0|1|0|0|0|0|0|0|0|0|0|0|0|0|0|0|1|0|0
232|0.004249|37|442|-|-|0.0|1.0|65.0|1.0|470.0|0|0|Benign|0|0|1|0|0|1|0|0|0|0|0|0|0|0|0|0|0|0|0|0|1|0|0
233|0.011744|0|0|-|-|0.0|4.0|172.0|2.0|92.0|0|0|Benign|0|1|0|0|0|0|0|0|0|0|0|0|0|0|0|0|0|0|0|0|1|0|0
234|0.057713|34|297|-|-|0.0|1.0|62.0|1.0|325.0|0|0|Benign|0|0|1|0|0|1|0|0|0|0|0|0|0|0|0|0|0|0|0|0|1|0|0
235|0.011743|0|0|-|-|0.0|4.0|172.0|2.0|92.0|0|0|Benign|0|1|0|0|0|0|0|0|0|0|0|0|0|0|0|0|0|0|0|0|1|0|0
236|0.126168|34|297|-|-|0.0|1.0|62.0|1.0|325.0|0|0|Benign|0|0|1|0|0|1|0|0|0|0|0|0|0|0|0|0|0|0|0|0|1|0|0
237|0.017221|48|48|-|-|0.0|1.0|76.0|1.0|76.0|0|0|Benign|0|0|1|0|0|0|0|0|0|0|0|0|0|0|0|0|0|0|0|0|1|0|0
238|0.011493|0|0|-|-|0.0|4.0|172.0|2.0|92.0|0|0|Benign|0|1|0|0|0|0|0|0|0|0|0|0|0|0|0|0|0|0|0|0|1|0|0
239|0.044467|34|297|-|-|0.0|1.0|62.0|1.0|325.0|0|0|Benign|0|0|1|0|0|1|0|0|0|0|0|0|0|0|0|0|0|0|0|0|1|0|0
240|0.116180|48|48|-|-|0.0|1.0|76.0|1.0|76.0|0|0|Benign|0|0|1|0|0|0|0|0|0|0|0|0|0|0|0|0|0|0|0|0|1|0|0
241|0.051964|34|297|-|-|0.0|1.0|62.0|1.0|325.0|0|0|Benign|0|0|1|0|0|1|0|0|0|0|0|0|0|0|0|0|0|0|0|0|1|0|0
242|0.270092|48|48|-|-|0.0|1.0|76.0|1.0|76.0|0|0|Benign|0|0|1|0|0|0|0|0|0|0|0|0|0|0|0|0|0|0|0|0|1|0|0
243|0.088947|1847|1539|-|-|1539.0|7.0|2139.0|5.0|204.0|0|0|Benign|0|1|0|0|0|0|1|0|0|0|0|0|0|0|0|0|0|0|0|0|1|0|0
244|0.118432|1847|791|-|-|0.0|6.0|2099.0|6.0|1043.0|0|0|Benign|0|1|0|0|0|0|1|0|0|0|0|0|0|0|0|0|0|0|0|0|1|0|0
245|0.056699|37|179|-|-|0.0|1.0|65.0|1.0|207.0|0|0|Benign|0|0|1|0|0|1|0|0|0|0|0|0|0|0|0|0|0|0|0|0|1|0|0
246|0.009247|37|442|-|-|0.0|1.0|65.0|1.0|470.0|0|0|Benign|0|0|1|0|0|1|0|0|0|0|0|0|0|0|0|0|0|0|0|0|1|0|0
247|0.011491|0|0|-|-|0.0|5.0|212.0|3.0|144.0|0|0|Benign|0|1|0|0|0|0|0|0|0|0|0|0|0|0|0|0|0|0|0|0|1|0|0
248|0.056469|34|297|-|-|0.0|1.0|62.0|1.0|325.0|0|0|Benign|0|0|1|0|0|1|0|0|0|0|0|0|0|0|0|0|0|0|0|0|1|0|0
249|0.056699|34|297|-|-|0.0|1.0|62.0|1.0|325.0|0|0|Benign|0|0|1|0|0|1|0|0|0|0|0|0|0|0|0|0|0|0|0|0|1|0|0
250|0.011496|0|0|-|-|0.0|4.0|172.0|3.0|132.0|0|0|Benign|0|1|0|0|0|0|0|0|0|0|0|0|0|0|0|0|0|0|0|0|1|0|0
251|0.107187|34|281|-|-|0.0|1.0|62.0|1.0|309.0|0|0|Benign|0|0|1|0|0|1|0|0|0|0|0|0|0|0|0|0|0|0|0|0|1|0|0
252|0.017227|48|48|-|-|0.0|1.0|76.0|1.0|76.0|0|0|Benign|0|0|1|0|0|0|0|0|0|0|0|0|0|0|0|0|0|0|0|0|1|0|0
253|0.109935|48|48|-|-|0.0|1.0|76.0|1.0|76.0|0|0|Benign|0|0|1|0|0|0|0|0|0|0|0|0|0|0|0|0|0|0|0|0|1|0|0
254|0.074453|34|297|-|-|0.0|1.0|62.0|1.0|325.0|0|0|Benign|0|0|1|0|0|1|0|0|0|0|0|0|0|0|0|0|0|0|0|0|1|0|0
255|0.114181|48|48|-|-|0.0|1.0|76.0|1.0|76.0|0|0|Benign|0|0|1|0|0|0|0|0|0|0|0|0|0|0|0|0|0|0|0|0|1|0|0
256|0.270090|48|48|-|-|0.0|1.0|76.0|1.0|76.0|0|0|Benign|0|0|1|0|0|0|0|0|0|0|0|0|0|0|0|0|0|0|0|0|1|0|0
257|0.093695|1847|1539|-|-|1539.0|7.0|2139.0|5.0|204.0|0|0|Benign|0|1|0|0|0|0|1|0|0|0|0|0|0|0|0|0|0|0|0|0|1|0|0
258|0.121431|1847|791|-|-|0.0|6.0|2099.0|6.0|1035.0|0|0|Benign|0|1|0|0|0|0|1|0|0|0|0|0|0|0|0|0|0|0|0|0|1|0|0
259|0.060457|37|179|-|-|0.0|1.0|65.0|1.0|207.0|0|0|Benign|0|0|1|0|0|1|0|0|0|0|0|0|0|0|0|0|0|0|0|0|1|0|0
260|0.004750|37|442|-|-|0.0|1.0|65.0|1.0|470.0|0|0|Benign|0|0|1|0|0|1|0|0|0|0|0|0|0|0|0|0|0|0|0|0|1|0|0
261|0.000501|37|100|-|-|0.0|1.0|65.0|1.0|128.0|0|0|Benign|0|0|1|0|0|1|0|0|0|0|0|0|0|0|0|0|0|0|0|0|1|0|0
262|0.000499|37|132|-|-|0.0|1.0|65.0|1.0|160.0|0|0|Benign|0|0|1|0|0|1|0|0|0|0|0|0|0|0|0|0|0|0|0|0|1|0|0
263|0.011498|0|0|-|-|0.0|4.0|172.0|3.0|132.0|0|0|Benign|0|1|0|0|0|0|0|0|0|0|0|0|0|0|0|0|0|0|0|0|1|0|0
264|0.058712|34|281|-|-|0.0|1.0|62.0|1.0|309.0|0|0|Benign|0|0|1|0|0|1|0|0|0|0|0|0|0|0|0|0|0|0|0|0|1|0|0
265|0.112178|34|297|-|-|0.0|1.0|62.0|1.0|325.0|0|0|Benign|0|0|1|0|0|1|0|0|0|0|0|0|0|0|0|0|0|0|0|0|1|0|0
266|0.011251|0|0|-|-|0.0|5.0|212.0|3.0|144.0|0|0|Benign|0|1|0|0|0|0|0|0|0|0|0|0|0|0|0|0|0|0|0|0|1|0|0
267|0.056214|34|297|-|-|0.0|1.0|62.0|1.0|325.0|0|0|Benign|0|0|1|0|0|1|0|0|0|0|0|0|0|0|0|0|0|0|0|0|1|0|0
268|0.068203|34|297|-|-|0.0|1.0|62.0|1.0|325.0|0|0|Benign|0|0|1|0|0|1|0|0|0|0|0|0|0|0|0|0|0|0|0|0|1|0|0
269|0.016985|48|48|-|-|0.0|1.0|76.0|1.0|76.0|0|0|Benign|0|0|1|0|0|0|0|0|0|0|0|0|0|0|0|0|0|0|0|0|1|0|0
270|0.109428|48|48|-|-|0.0|1.0|76.0|1.0|76.0|0|0|Benign|0|0|1|0|0|0|0|0|0|0|0|0|0|0|0|0|0|0|0|0|1|0|0
271|0.114177|48|48|-|-|0.0|1.0|76.0|1.0|76.0|0|0|Benign|0|0|1|0|0|0|0|0|0|0|0|0|0|0|0|0|0|0|0|0|1|0|0
272|0.092945|1847|1539|-|-|0.0|7.0|2151.0|7.0|1831.0|0|0|Benign|0|1|0|0|0|0|1|0|0|0|0|0|0|0|0|0|0|0|0|0|1|0|0
273|0.124180|1847|791|-|-|0.0|6.0|2099.0|6.0|1043.0|0|0|Benign|0|1|0|0|0|0|1|0|0|0|0|0|0|0|0|0|0|0|0|0|1|0|0
274|0.061951|37|179|-|-|0.0|1.0|65.0|1.0|207.0|0|0|Benign|0|0|1|0|0|1|0|0|0|0|0|0|0|0|0|0|0|0|0|0|1|0|0
275|0.007996|37|442|-|-|0.0|1.0|65.0|1.0|470.0|0|0|Benign|0|0|1|0|0|1|0|0|0|0|0|0|0|0|0|0|0|0|0|0|1|0|0
276|0.111933|34|297|-|-|0.0|1.0|62.0|1.0|325.0|0|0|Benign|0|0|1|0|0|1|0|0|0|0|0|0|0|0|0|0|0|0|0|0|1|0|0
277|0.271598|48|48|-|-|0.0|1.0|76.0|1.0|76.0|0|0|Benign|0|0|1|0|0|0|0|0|0|0|0|0|0|0|0|0|0|0|0|0|1|0|0
278|0.011245|0|0|-|-|0.0|5.0|212.0|3.0|144.0|0|0|Benign|0|1|0|0|0|0|0|0|0|0|0|0|0|0|0|0|0|0|0|0|1|0|0
279|0.115191|34|281|-|-|0.0|1.0|62.0|1.0|309.0|0|0|Benign|0|0|1|0|0|1|0|0|0|0|0|0|0|0|0|0|0|0|0|0|1|0|0
280|0.011494|0|0|-|-|0.0|4.0|172.0|2.0|92.0|0|0|Benign|0|1|0|0|0|0|0|0|0|0|0|0|0|0|0|0|0|0|0|0|1|0|0
281|0.111689|34|295|-|-|0.0|1.0|62.0|1.0|323.0|0|0|Benign|0|0|1|0|0|1|0|0|0|0|0|0|0|0|0|0|0|0|0|0|1|0|0
282|0.191896|34|295|-|-|0.0|1.0|62.0|1.0|323.0|0|0|Benign|0|0|1|0|0|1|0|0|0|0|0|0|0|0|0|0|0|0|0|0|1|0|0
283|0.089198|1847|1539|-|-|0.0|7.0|2151.0|7.0|1831.0|0|0|Benign|0|1|0|0|0|0|1|0|0|0|0|0|0|0|0|0|0|0|0|0|1|0|0
284|0.107438|1847|791|-|-|0.0|6.0|2099.0|6.0|1043.0|0|0|Benign|0|1|0|0|0|0|1|0|0|0|0|0|0|0|0|0|0|0|0|0|1|0|0
285|0.047465|37|179|-|-|0.0|1.0|65.0|1.0|207.0|0|0|Benign|0|0|1|0|0|1|0|0|0|0|0|0|0|0|0|0|0|0|0|0|1|0|0
286|0.007997|37|442|-|-|0.0|1.0|65.0|1.0|470.0|0|0|Benign|0|0|1|0|0|1|0|0|0|0|0|0|0|0|0|0|0|0|0|0|1|0|0
287|0.127172|34|281|-|-|0.0|1.0|62.0|1.0|309.0|0|0|Benign|0|0|1|0|0|1|0|0|0|0|0|0|0|0|0|0|0|0|0|0|1|0|0
288|0.016981|48|48|-|-|0.0|1.0|76.0|1.0|76.0|0|0|Benign|0|0|1|0|0|0|0|0|0|0|0|0|0|0|0|0|0|0|0|0|1|0|0
289|0.116689|48|48|-|-|0.0|1.0|76.0|1.0|76.0|0|0|Benign|0|0|1|0|0|0|0|0|0|0|0|0|0|0|0|0|0|0|0|0|1|0|0
290|0.011746|0|0|-|-|0.0|4.0|172.0|3.0|132.0|0|0|Benign|0|1|0|0|0|0|0|0|0|0|0|0|0|0|0|0|0|0|0|0|1|0|0
291|0.056219|34|297|-|-|0.0|1.0|62.0|1.0|325.0|0|0|Benign|0|0|1|0|0|1|0|0|0|0|0|0|0|0|0|0|0|0|0|0|1|0|0
292|0|0|0|-|-|0.0|1.0|76.0|0.0|0.0|0|0|Benign|0|0|1|0|0|0|0|0|0|0|0|0|0|0|0|0|1|0|0|0|0|0|0
293|0.269604|48|48|-|-|0.0|1.0|76.0|1.0|76.0|0|0|Benign|0|0|1|0|0|0|0|0|0|0|0|0|0|0|0|0|0|0|0|0|1|0|0
294|0.057208|34|297|-|-|0.0|1.0|62.0|1.0|325.0|0|0|Benign|0|0|1|0|0|1|0|0|0|0|0|0|0|0|0|0|0|0|0|0|1|0|0
295|0.011243|0|0|-|-|0.0|4.0|172.0|2.0|92.0|0|0|Benign|0|1|0|0|0|0|0|0|0|0|0|0|0|0|0|0|0|0|0|0|1|0|0
296|0.055215|34|297|-|-|0.0|1.0|62.0|1.0|325.0|0|0|Benign|0|0|1|0|0|1|0|0|0|0|0|0|0|0|0|0|0|0|0|0|1|0|0
297|0.088699|1847|1539|-|-|0.0|7.0|2139.0|7.0|1823.0|0|0|Benign|0|1|0|0|0|0|1|0|0|0|0|0|0|0|0|0|0|0|0|0|1|0|0
298|0.121930|1847|791|-|-|0.0|7.0|2151.0|6.0|1043.0|0|0|Benign|0|1|0|0|0|0|1|0|0|0|0|0|0|0|0|0|0|0|0|0|1|0|0
299|0.046954|37|179|-|-|0.0|1.0|65.0|1.0|207.0|0|0|Benign|0|0|1|0|0|1|0|0|0|0|0|0|0|0|0|0|0|0|0|0|1|0|0
300|0.011494|0|0|-|-|0.0|5.0|212.0|3.0|144.0|0|0|Benign|0|1|0|0|0|0|0|0|0|0|0|0|0|0|0|0|0|0|0|0|1|0|0
301|0.049705|34|297|-|-|0.0|1.0|62.0|1.0|325.0|0|0|Benign|0|0|1|0|0|1|0|0|0|0|0|0|0|0|0|0|0|0|0|0|1|0|0
302|0.016733|48|48|-|-|0.0|1.0|76.0|1.0|76.0|0|0|Benign|0|0|1|0|0|0|0|0|0|0|0|0|0|0|0|0|0|0|0|0|1|0|0
303|0.109189|48|48|-|-|0.0|1.0|76.0|1.0|76.0|0|0|Benign|0|0|1|0|0|0|0|0|0|0|0|0|0|0|0|0|0|0|0|0|1|0|0
304|0.119429|34|297|-|-|0.0|1.0|62.0|1.0|325.0|0|0|Benign|0|0|1|0|0|1|0|0|0|0|0|0|0|0|0|0|0|0|0|0|1|0|0
305|0.114183|48|48|-|-|0.0|1.0|76.0|1.0|76.0|0|0|Benign|0|0|1|0|0|0|0|0|0|0|0|0|0|0|0|0|0|0|0|0|1|0|0
306|0.050204|34|297|-|-|0.0|1.0|62.0|1.0|325.0|0|0|Benign|0|0|1|0|0|1|0|0|0|0|0|0|0|0|0|0|0|0|0|0|1|0|0
307|0.270340|48|48|-|-|0.0|1.0|76.0|1.0|76.0|0|0|Benign|0|0|1|0|0|0|0|0|0|0|0|0|0|0|0|0|0|0|0|0|1|0|0
308|0.062708|34|295|-|-|0.0|1.0|62.0|1.0|323.0|0|0|Benign|0|0|1|0|0|1|0|0|0|0|0|0|0|0|0|0|0|0|0|0|1|0|0
309|0.089446|1847|1539|-|-|0.0|7.0|2151.0|7.0|1831.0|0|0|Benign|0|1|0|0|0|0|1|0|0|0|0|0|0|0|0|0|0|0|0|0|1|0|0
310|0.103940|1847|791|-|-|0.0|6.0|2099.0|6.0|1043.0|0|0|Benign|0|1|0|0|0|0|1|0|0|0|0|0|0|0|0|0|0|0|0|0|1|0|0
311|0.063713|1163|1503|-|-|0.0|6.0|1427.0|6.0|1755.0|0|0|Benign|0|1|0|0|0|0|1|0|0|0|0|0|0|0|0|0|0|0|0|0|1|0|0
312|0.207133|2902|5263|-|-|4006.0|10.0|3314.0|4.0|1429.0|0|0|Benign|0|1|0|0|0|0|1|0|0|0|0|0|0|0|0|0|0|0|0|0|1|0|0
313|0.072708|1162|775|-|-|0.0|5.0|1374.0|5.0|987.0|0|0|Benign|0|1|0|0|0|0|1|0|0|0|0|0|0|0|0|0|0|0|0|0|1|0|0
314|0.234116|1595|177|-|-|0.0|7.0|1887.0|7.0|469.0|0|0|Benign|0|1|0|0|0|0|1|0|0|0|0|0|0|0|0|0|0|0|0|0|1|0|0
315|0.068209|37|179|-|-|0.0|1.0|65.0|1.0|207.0|0|0|Benign|0|0|1|0|0|1|0|0|0|0|0|0|0|0|0|0|0|0|0|0|1|0|0
316|0.000751|37|132|-|-|0.0|1.0|65.0|1.0|160.0|0|0|Benign|0|0|1|0|0|1|0|0|0|0|0|0|0|0|0|0|0|0|0|0|1|0|0
317|0.225626|46|209|-|-|0.0|1.0|74.0|1.0|237.0|0|0|Benign|0|0|1|0|0|1|0|0|0|0|0|0|0|0|0|0|0|0|0|0|1|0|0
318|0.004498|46|472|-|-|0.0|1.0|74.0|1.0|500.0|0|0|Benign|0|0|1|0|0|1|0|0|0|0|0|0|0|0|0|0|0|0|0|0|1|0|0
319|0.000499|46|141|-|-|0.0|1.0|74.0|1.0|169.0|0|0|Benign|0|0|1|0|0|1|0|0|0|0|0|0|0|0|0|0|0|0|0|0|1|0|0
320|0.000501|46|173|-|-|0.0|1.0|74.0|1.0|201.0|0|0|Benign|0|0|1|0|0|1|0|0|0|0|0|0|0|0|0|0|0|0|0|0|1|0|0
321|0.000749|46|141|-|-|0.0|1.0|74.0|1.0|169.0|0|0|Benign|0|0|1|0|0|1|0|0|0|0|0|0|0|0|0|0|0|0|0|0|1|0|0
322|0.000500|46|173|-|-|0.0|1.0|74.0|1.0|201.0|0|0|Benign|0|0|1|0|0|1|0|0|0|0|0|0|0|0|0|0|0|0|0|0|1|0|0
323|0.132915|41|124|-|-|0.0|1.0|69.0|1.0|152.0|0|0|Benign|0|0|1|0|0|1|0|0|0|0|0|0|0|0|0|0|0|0|0|0|1|0|0
324|0.106189|4038|791|-|-|2920.0|6.0|1370.0|8.0|1115.0|0|0|Benign|0|1|0|0|0|0|1|0|0|0|0|0|0|0|0|0|0|0|0|0|1|0|0
325|0.000740|37|100|-|-|0.0|1.0|65.0|1.0|128.0|0|0|Benign|0|0|1|0|0|1|0|0|0|0|0|0|0|0|0|0|0|0|0|0|1|0|0
326|0.052210|34|297|-|-|0.0|1.0|62.0|1.0|325.0|0|0|Benign|0|0|1|0|0|1|0|0|0|0|0|0|0|0|0|0|0|0|0|0|1|0|0
327|0.000993|300|300|-|-|0.0|1.0|328.0|1.0|328.0|0|0|Benign|0|0|1|0|1|0|0|0|0|0|0|0|0|0|0|0|0|0|0|0|1|0|0
328|0.055962|34|311|-|-|0.0|1.0|62.0|1.0|339.0|0|0|Benign|0|0|1|0|0|1|0|0|0|0|0|0|0|0|0|0|0|0|0|0|1|0|0
329|0.053468|34|311|-|-|0.0|1.0|62.0|1.0|339.0|0|0|Benign|0|0|1|0|0|1|0|0|0|0|0|0|0|0|0|0|0|0|0|0|1|0|0
330|0.011245|0|0|-|-|0.0|4.0|172.0|2.0|92.0|0|0|Benign|0|1|0|0|0|0|0|0|0|0|0|0|0|0|0|0|0|0|0|0|1|0|0
331|0.048213|34|311|-|-|0.0|1.0|62.0|1.0|339.0|0|0|Benign|0|0|1|0|0|1|0|0|0|0|0|0|0|0|0|0|0|0|0|0|1|0|0
332|0.269581|48|48|-|-|0.0|1.0|76.0|1.0|76.0|0|0|Benign|0|0|1|0|0|0|0|0|0|0|0|0|0|0|0|0|0|0|0|0|1|0|0
333|0.094196|1846|1539|-|-|1539.0|7.0|2138.0|5.0|204.0|0|0|Benign|0|1|0|0|0|0|1|0|0|0|0|0|0|0|0|0|0|0|0|0|1|0|0
334|0.121679|1846|791|-|-|0.0|6.0|2098.0|6.0|1035.0|0|0|Benign|0|1|0|0|0|0|1|0|0|0|0|0|0|0|0|0|0|0|0|0|1|0|0
335|0.199885|37|179|-|-|0.0|1.0|65.0|1.0|207.0|0|0|Benign|0|0|1|0|0|1|0|0|0|0|0|0|0|0|0|0|0|0|0|0|1|0|0
336|0.011490|0|0|-|-|0.0|5.0|212.0|3.0|144.0|0|0|Benign|0|1|0|0|0|0|0|0|0|0|0|0|0|0|0|0|0|0|0|0|1|0|0
337|0.206879|34|297|-|-|0.0|1.0|62.0|1.0|325.0|0|0|Benign|0|0|1|0|0|1|0|0|0|0|0|0|0|0|0|0|0|0|0|0|1|0|0
338|0.058472|34|297|-|-|0.0|1.0|62.0|1.0|325.0|0|0|Benign|0|0|1|0|0|1|0|0|0|0|0|0|0|0|0|0|0|0|0|0|1|0|0
339|1.170584|860|182|-|-|0.0|7.0|1164.0|4.0|354.0|0|0|Benign|0|1|0|0|0|0|1|0|0|0|0|0|0|0|0|0|0|0|0|0|1|0|0
340|0.155662|8823|182|-|-|7363.0|6.0|1712.0|10.0|594.0|0|0|Benign|0|1|0|0|0|0|1|0|0|0|0|0|0|0|0|0|0|0|0|0|1|0|0
341|0.165407|2553|182|-|-|0.0|8.0|3978.0|5.0|406.0|0|0|Benign|0|1|0|0|0|0|1|0|0|0|0|0|0|0|0|0|0|0|0|0|1|0|0
342|0.108433|41|116|-|-|0.0|1.0|69.0|1.0|144.0|0|0|Benign|0|0|1|0|0|1|0|0|0|0|0|0|0|0|0|0|0|0|0|0|1|0|0
343|0.110190|41|124|-|-|0.0|1.0|69.0|1.0|152.0|0|0|Benign|0|0|1|0|0|1|0|0|0|0|0|0|0|0|0|0|0|0|0|0|1|0|0
344|0.000498|41|41|-|-|0.0|1.0|69.0|1.0|69.0|0|0|Benign|0|0|1|0|0|1|0|0|0|0|0|0|0|0|0|0|0|0|0|0|1|0|0
345|0.000500|41|57|-|-|0.0|1.0|69.0|1.0|85.0|0|0|Benign|0|0|1|0|0|1|0|0|0|0|0|0|0|0|0|0|0|0|0|0|1|0|0
346|0.000499|41|41|-|-|0.0|1.0|69.0|1.0|69.0|0|0|Benign|0|0|1|0|0|1|0|0|0|0|0|0|0|0|0|0|0|0|0|0|1|0|0
347|0.000499|41|57|-|-|0.0|1.0|69.0|1.0|85.0|0|0|Benign|0|0|1|0|0|1|0|0|0|0|0|0|0|0|0|0|0|0|0|0|1|0|0
348|0.000500|41|41|-|-|0.0|1.0|69.0|1.0|69.0|0|0|Benign|0|0|1|0|0|1|0|0|0|0|0|0|0|0|0|0|0|0|0|0|1|0|0
349|125.214360|910|182|-|-|0.0|7.0|1202.0|6.0|434.0|0|0|Benign|0|1|0|0|0|0|1|0|0|0|0|0|0|0|1|0|0|0|0|0|0|0|0
350|0.058485|34|311|-|-|0.0|1.0|62.0|1.0|339.0|0|0|Benign|0|0|1|0|0|1|0|0|0|0|0|0|0|0|0|0|0|0|0|0|1|0|0
351|0.016969|48|48|-|-|0.0|1.0|76.0|1.0|76.0|0|0|Benign|0|0|1|0|0|0|0|0|0|0|0|0|0|0|0|0|0|0|0|0|1|0|0
352|0.116680|48|48|-|-|0.0|1.0|76.0|1.0|76.0|0|0|Benign|0|0|1|0|0|0|0|0|0|0|0|0|0|0|0|0|0|0|0|0|1|0|0
353|0.066709|34|297|-|-|0.0|1.0|62.0|1.0|325.0|0|0|Benign|0|0|1|0|0|1|0|0|0|0|0|0|0|0|0|0|0|0|0|0|1|0|0
354|0.270107|48|48|-|-|0.0|1.0|76.0|1.0|76.0|0|0|Benign|0|0|1|0|0|0|0|0|0|0|0|0|0|0|0|0|0|0|0|0|1|0|0
355|78840.329305|25624|22995|-|-|0.0|3291.0|157263.0|2667.0|129675.0|0|0|Benign|0|1|0|0|0|0|0|0|0|0|1|0|0|0|0|0|0|0|0|0|0|0|0
356|70334.105742|2550936|0|-|-|0.0|8124.0|2778408.0|0.0|0.0|0|0|Benign|0|0|1|0|0|0|0|0|0|0|0|0|0|0|0|0|1|0|0|0|0|0|0
